"0","glimpse(all_logs)"
"1","Rows: 9,135"
"1",""
"1","
"
"1","Columns: 112"
"1",""
"1","
"
"1","$ game                 [3m[38;5;246m<dbl>[39m[23m 1[38;5;246m, [39m2[38;5;246m, [39m3[38;5;246m, [39m4[38;5;246m, [39m5[38;5;246m, [39m6[38;5;246m, [39m7[38;5;246m, [39m8[38;5;246m, [39m9[38;5;246m, [39m10[38;5;246m, [39m11[38;5;246m, [39m12[38;5;246m, [39m13[38;5;246m, [39m1[38;5;246m, [39m…
$ date                 [3m[38;5;246m<date>[39m[23m 2019-08-24[38;5;246m, [39m2019-09-07[38;5;246m, [39m2019-09-14[38;5;246m, [39m2019-09-2…
$ home_away            [3m[38;5;246m<chr>[39m[23m ""N""[38;5;246m, [39m[31mNA[39m[38;5;246m, [39m""@""[38;5;246m, [39m[31mNA[39m[38;5;246m, [39m[31mNA[39m[38;5;246m, [39m[31mNA[39m[38;5;246m, [39m""@""[38;5;246m, [39m""@""[38;5;246m, [39m""N""[38;5;246m, [39m[31mNA[39m[38;5;246m, [39m""…
$ opponent             [3m[38;5;246m<chr>[39m[23m ""Miami (FL)""[38;5;246m, [39m""Tennessee-Martin""[38;5;246m, [39m""Kentucky""[38;5;246m, [39m…
$ result               [3m[38;5;246m<chr>[39m[23m ""W (24-20)""[38;5;246m, [39m""W (45-0)""[38;5;246m, [39m""W (29-21)""[38;5;246m, [39m""W (34-3…
$ passing_cmp          [3m[38;5;246m<dbl>[39m[23m 17[38;5;246m, [39m30[38;5;246m, [39m21[38;5;246m, [39m24[38;5;246m, [39m24[38;5;246m, [39m25[38;5;246m, [39m24[38;5;246m, [39m21[38;5;246m, [39m21[38;5;246m, [39m27[38;5;246m, [39m24[38;5;246m, [39m35…
$ passing_att          [3m[38;5;246m<dbl>[39m[23m 27[38;5;246m, [39m36[38;5;246m, [39m30[38;5;246m, [39m34[38;5;246m, [39m28[38;5;246m, [39m39[38;5;246m, [39m44[38;5;246m, [39m33[38;5;246m, [39m33[38;5;246m, [39m40[38;5;246m, [39m36[38;5;246m, [39m48…
$ passing_pct          [3m[38;5;246m<dbl>[39m[23m 63.0[38;5;246m, [39m83.3[38;5;246m, [39m70.0[38;5;246m, [39m70.6[38;5;246m, [39m85.7[38;5;246m, [39m64.1[38;5;246m, [39m54.5[38;5;246m, [39m63.6…
$ passing_yds          [3m[38;5;246m<dbl>[39m[23m 254[38;5;246m, [39m312[38;5;246m, [39m300[38;5;246m, [39m313[38;5;246m, [39m262[38;5;246m, [39m266[38;5;246m, [39m311[38;5;246m, [39m200[38;5;246m, [39m257[38;5;246m, [39m4…
$ passing_td           [3m[38;5;246m<dbl>[39m[23m 2[38;5;246m, [39m3[38;5;246m, [39m1[38;5;246m, [39m2[38;5;246m, [39m3[38;5;246m, [39m2[38;5;246m, [39m4[38;5;246m, [39m4[38;5;246m, [39m2[38;5;246m, [39m3[38;5;246m, [39m2[38;5;246m, [39m4[38;5;246m, [39m1[38;5;246m, [39m1[38;5;246m, [39m3[38;5;246m, [39m3…
$ rushing_att          [3m[38;5;246m<dbl>[39m[23m 27[38;5;246m, [39m38[38;5;246m, [39m26[38;5;246m, [39m37[38;5;246m, [39m32[38;5;246m, [39m33[38;5;246m, [39m40[38;5;246m, [39m29[38;5;246m, [39m19[38;5;246m, [39m29[38;5;246m, [39m26[38;5;246m, [39m25…
$ rushing_yds          [3m[38;5;246m<dbl>[39m[23m 52[38;5;246m, [39m231[38;5;246m, [39m138[38;5;246m, [39m128[38;5;246m, [39m160[38;5;246m, [39m132[38;5;246m, [39m146[38;5;246m, [39m155[38;5;246m, [39m21[38;5;246m, [39m150…
$ rushing_avg          [3m[38;5;246m<dbl>[39m[23m 1.9[38;5;246m, [39m6.1[38;5;246m, [39m5.3[38;5;246m, [39m3.5[38;5;246m, [39m5.0[38;5;246m, [39m4.0[38;5;246m, [39m3.7[38;5;246m, [39m5.3[38;5;246m, [39m1.1[38;5;246m, [39m5…
$ rushing_td           [3m[38;5;246m<dbl>[39m[23m 1[38;5;246m, [39m3[38;5;246m, [39m3[38;5;246m, [39m2[38;5;246m, [39m2[38;5;246m, [39m1[38;5;246m, [39m0[38;5;246m, [39m1[38;5;246m, [39m0[38;5;246m, [39m4[38;5;246m, [39m0[38;5;246m, [39m1[38;5;246m, [39m3[38;5;246m, [39m2[38;5;246m, [39m5[38;5;246m, [39m4…
$ offensive_plays      [3m[38;5;246m<dbl>[39m[23m 54[38;5;246m, [39m74[38;5;246m, [39m56[38;5;246m, [39m71[38;5;246m, [39m60[38;5;246m, [39m72[38;5;246m, [39m84[38;5;246m, [39m62[38;5;246m, [39m52[38;5;246m, [39m69[38;5;246m, [39m62[38;5;246m, [39m73…
$ offensive_yards      [3m[38;5;246m<dbl>[39m[23m 306[38;5;246m, [39m543[38;5;246m, [39m438[38;5;246m, [39m441[38;5;246m, [39m422[38;5;246m, [39m398[38;5;246m, [39m457[38;5;246m, [39m355[38;5;246m, [39m278[38;5;246m, [39m5…
$ offense_avg          [3m[38;5;246m<dbl>[39m[23m 5.7[38;5;246m, [39m7.3[38;5;246m, [39m7.8[38;5;246m, [39m6.2[38;5;246m, [39m7.0[38;5;246m, [39m5.5[38;5;246m, [39m5.4[38;5;246m, [39m5.7[38;5;246m, [39m5.3[38;5;246m, [39m8…
$ first_down_pass      [3m[38;5;246m<dbl>[39m[23m 11[38;5;246m, [39m13[38;5;246m, [39m12[38;5;246m, [39m16[38;5;246m, [39m14[38;5;246m, [39m12[38;5;246m, [39m18[38;5;246m, [39m8[38;5;246m, [39m14[38;5;246m, [39m18[38;5;246m, [39m11[38;5;246m, [39m16[38;5;246m,[39m…
$ first_down_rush      [3m[38;5;246m<dbl>[39m[23m 5[38;5;246m, [39m11[38;5;246m, [39m4[38;5;246m, [39m8[38;5;246m, [39m7[38;5;246m, [39m3[38;5;246m, [39m8[38;5;246m, [39m7[38;5;246m, [39m2[38;5;246m, [39m12[38;5;246m, [39m5[38;5;246m, [39m5[38;5;246m, [39m12[38;5;246m, [39m16[38;5;246m, [39m…
$ first_down_pen       [3m[38;5;246m<dbl>[39m[23m 2[38;5;246m, [39m2[38;5;246m, [39m5[38;5;246m, [39m1[38;5;246m, [39m2[38;5;246m, [39m4[38;5;246m, [39m2[38;5;246m, [39m3[38;5;246m, [39m2[38;5;246m, [39m3[38;5;246m, [39m2[38;5;246m, [39m5[38;5;246m, [39m0[38;5;246m, [39m2[38;5;246m, [39m1[38;5;246m, [39m0…
$ first_down_total     [3m[38;5;246m<dbl>[39m[23m 18[38;5;246m, [39m26[38;5;246m, [39m21[38;5;246m, [39m25[38;5;246m, [39m23[38;5;246m, [39m19[38;5;246m, [39m28[38;5;246m, [39m18[38;5;246m, [39m18[38;5;246m, [39m33[38;5;246m, [39m18[38;5;246m, [39m26…
$ penalties            [3m[38;5;246m<dbl>[39m[23m 9[38;5;246m, [39m3[38;5;246m, [39m7[38;5;246m, [39m5[38;5;246m, [39m4[38;5;246m, [39m6[38;5;246m, [39m5[38;5;246m, [39m4[38;5;246m, [39m6[38;5;246m, [39m5[38;5;246m, [39m6[38;5;246m, [39m3[38;5;246m, [39m4[38;5;246m, [39m10[38;5;246m, [39m5[38;5;246m, [39m…
$ penalty_yds          [3m[38;5;246m<dbl>[39m[23m 100[38;5;246m, [39m30[38;5;246m, [39m78[38;5;246m, [39m44[38;5;246m, [39m28[38;5;246m, [39m55[38;5;246m, [39m39[38;5;246m, [39m25[38;5;246m, [39m40[38;5;246m, [39m50[38;5;246m, [39m64[38;5;246m, [39m2…
$ fumbles              [3m[38;5;246m<dbl>[39m[23m 2[38;5;246m, [39m0[38;5;246m, [39m1[38;5;246m, [39m1[38;5;246m, [39m0[38;5;246m, [39m4[38;5;246m, [39m0[38;5;246m, [39m0[38;5;246m, [39m0[38;5;246m, [39m0[38;5;246m, [39m0[38;5;246m, [39m0[38;5;246m, [39m0[38;5;246m, [39m1[38;5;246m, [39m1[38;5;246m, [39m0…
$ interceptions        [3m[38;5;246m<dbl>[39m[23m 2[38;5;246m, [39m0[38;5;246m, [39m1[38;5;246m, [39m2[38;5;246m, [39m0[38;5;246m, [39m0[38;5;246m, [39m1[38;5;246m, [39m1[38;5;246m, [39m0[38;5;246m, [39m2[38;5;246m, [39m0[38;5;246m, [39m0[38;5;246m, [39m1[38;5;246m, [39m0[38;5;246m, [39m1[38;5;246m, [39m0…
$ total_turnovers      [3m[38;5;246m<dbl>[39m[23m 4[38;5;246m, [39m0[38;5;246m, [39m2[38;5;246m, [39m3[38;5;246m, [39m0[38;5;246m, [39m4[38;5;246m, [39m1[38;5;246m, [39m1[38;5;246m, [39m0[38;5;246m, [39m2[38;5;246m, [39m0[38;5;246m, [39m0[38;5;246m, [39m1[38;5;246m, [39m1[38;5;246m, [39m2[38;5;246m, [39m0…
$ team_full            [3m[38;5;246m<chr>[39m[23m ""Florida Gators""[38;5;246m, [39m""Florida Gators""[38;5;246m, [39m""Florida G…
$ team_url             [3m[38;5;246m<chr>[39m[23m ""/cfb/schools/florida/2019.html""[38;5;246m, [39m""/cfb/school…
$ outcome              [3m[38;5;246m<chr>[39m[23m ""W""[38;5;246m, [39m""W""[38;5;246m, [39m""W""[38;5;246m, [39m""W""[38;5;246m, [39m""W""[38;5;246m, [39m""W""[38;5;246m, [39m""L""[38;5;246m, [39m""W""[38;5;246m, [39m""L""[38;5;246m, [39m""…
$ team_score           [3m[38;5;246m<dbl>[39m[23m 24[38;5;246m, [39m45[38;5;246m, [39m29[38;5;246m, [39m34[38;5;246m, [39m38[38;5;246m, [39m24[38;5;246m, [39m28[38;5;246m, [39m38[38;5;246m, [39m17[38;5;246m, [39m56[38;5;246m, [39m23[38;5;246m, [39m40…
$ opponent_score       [3m[38;5;246m<dbl>[39m[23m 20[38;5;246m, [39m0[38;5;246m, [39m21[38;5;246m, [39m3[38;5;246m, [39m0[38;5;246m, [39m13[38;5;246m, [39m42[38;5;246m, [39m27[38;5;246m, [39m24[38;5;246m, [39m0[38;5;246m, [39m6[38;5;246m, [39m17[38;5;246m, [39m28[38;5;246m,[39m…
$ def_passing_cmp      [3m[38;5;246m<dbl>[39m[23m 19[38;5;246m, [39m15[38;5;246m, [39m23[38;5;246m, [39m14[38;5;246m, [39m18[38;5;246m, [39m11[38;5;246m, [39m21[38;5;246m, [39m17[38;5;246m, [39m20[38;5;246m, [39m8[38;5;246m, [39m25[38;5;246m, [39m16[38;5;246m,[39m…
$ def_passing_att      [3m[38;5;246m<dbl>[39m[23m 30[38;5;246m, [39m23[38;5;246m, [39m35[38;5;246m, [39m28[38;5;246m, [39m32[38;5;246m, [39m27[38;5;246m, [39m24[38;5;246m, [39m35[38;5;246m, [39m30[38;5;246m, [39m21[38;5;246m, [39m39[38;5;246m, [39m25…
$ def_passing_pct      [3m[38;5;246m<dbl>[39m[23m 63.3[38;5;246m, [39m65.2[38;5;246m, [39m65.7[38;5;246m, [39m50.0[38;5;246m, [39m56.3[38;5;246m, [39m40.7[38;5;246m, [39m87.5[38;5;246m, [39m48.6…
$ def_passing_yds      [3m[38;5;246m<dbl>[39m[23m 214[38;5;246m, [39m140[38;5;246m, [39m267[38;5;246m, [39m151[38;5;246m, [39m183[38;5;246m, [39m145[38;5;246m, [39m293[38;5;246m, [39m170[38;5;246m, [39m279[38;5;246m, [39m7…
$ def_passing_td       [3m[38;5;246m<dbl>[39m[23m 1[38;5;246m, [39m0[38;5;246m, [39m2[38;5;246m, [39m0[38;5;246m, [39m0[38;5;246m, [39m1[38;5;246m, [39m3[38;5;246m, [39m1[38;5;246m, [39m2[38;5;246m, [39m0[38;5;246m, [39m0[38;5;246m, [39m0[38;5;246m, [39m4[38;5;246m, [39m0[38;5;246m, [39m1[38;5;246m, [39m0…
$ def_rushing_att      [3m[38;5;246m<dbl>[39m[23m 36[38;5;246m, [39m27[38;5;246m, [39m41[38;5;246m, [39m27[38;5;246m, [39m27[38;5;246m, [39m34[38;5;246m, [39m24[38;5;246m, [39m43[38;5;246m, [39m37[38;5;246m, [39m40[38;5;246m, [39m29[38;5;246m, [39m31…
$ def_rushing_yds      [3m[38;5;246m<dbl>[39m[23m 87[38;5;246m, [39m54[38;5;246m, [39m140[38;5;246m, [39m88[38;5;246m, [39m89[38;5;246m, [39m124[38;5;246m, [39m218[38;5;246m, [39m217[38;5;246m, [39m119[38;5;246m, [39m51[38;5;246m, [39m5…
$ def_rushing_avg      [3m[38;5;246m<dbl>[39m[23m 2.4[38;5;246m, [39m2.0[38;5;246m, [39m3.4[38;5;246m, [39m3.3[38;5;246m, [39m3.3[38;5;246m, [39m3.6[38;5;246m, [39m9.1[38;5;246m, [39m5.0[38;5;246m, [39m3.2[38;5;246m, [39m1…
$ def_rushing_td       [3m[38;5;246m<dbl>[39m[23m 1[38;5;246m, [39m0[38;5;246m, [39m1[38;5;246m, [39m0[38;5;246m, [39m0[38;5;246m, [39m0[38;5;246m, [39m3[38;5;246m, [39m2[38;5;246m, [39m0[38;5;246m, [39m0[38;5;246m, [39m0[38;5;246m, [39m2[38;5;246m, [39m0[38;5;246m, [39m0[38;5;246m, [39m0[38;5;246m, [39m0…
$ def_plays            [3m[38;5;246m<dbl>[39m[23m 66[38;5;246m, [39m50[38;5;246m, [39m76[38;5;246m, [39m55[38;5;246m, [39m59[38;5;246m, [39m61[38;5;246m, [39m48[38;5;246m, [39m78[38;5;246m, [39m67[38;5;246m, [39m61[38;5;246m, [39m68[38;5;246m, [39m56…
$ def_yards            [3m[38;5;246m<dbl>[39m[23m 301[38;5;246m, [39m194[38;5;246m, [39m407[38;5;246m, [39m239[38;5;246m, [39m272[38;5;246m, [39m269[38;5;246m, [39m511[38;5;246m, [39m387[38;5;246m, [39m398[38;5;246m, [39m1…
$ def_avg              [3m[38;5;246m<dbl>[39m[23m 4.6[38;5;246m, [39m3.9[38;5;246m, [39m5.4[38;5;246m, [39m4.3[38;5;246m, [39m4.6[38;5;246m, [39m4.4[38;5;246m, [39m10.6[38;5;246m, [39m5.0[38;5;246m, [39m5.9[38;5;246m, [39m…
$ def_first_down_pass  [3m[38;5;246m<dbl>[39m[23m 11[38;5;246m, [39m5[38;5;246m, [39m14[38;5;246m, [39m5[38;5;246m, [39m8[38;5;246m, [39m6[38;5;246m, [39m13[38;5;246m, [39m7[38;5;246m, [39m13[38;5;246m, [39m5[38;5;246m, [39m7[38;5;246m, [39m8[38;5;246m, [39m19[38;5;246m, [39m3[38;5;246m,[39m…
$ def_first_down_rush  [3m[38;5;246m<dbl>[39m[23m 4[38;5;246m, [39m3[38;5;246m, [39m10[38;5;246m, [39m6[38;5;246m, [39m8[38;5;246m, [39m6[38;5;246m, [39m8[38;5;246m, [39m9[38;5;246m, [39m6[38;5;246m, [39m5[38;5;246m, [39m6[38;5;246m, [39m5[38;5;246m, [39m0[38;5;246m, [39m9[38;5;246m, [39m2[38;5;246m, [39m…
$ def_first_down_pen   [3m[38;5;246m<dbl>[39m[23m 5[38;5;246m, [39m0[38;5;246m, [39m2[38;5;246m, [39m1[38;5;246m, [39m1[38;5;246m, [39m0[38;5;246m, [39m1[38;5;246m, [39m0[38;5;246m, [39m1[38;5;246m, [39m2[38;5;246m, [39m2[38;5;246m, [39m0[38;5;246m, [39m1[38;5;246m, [39m4[38;5;246m, [39m0[38;5;246m, [39m2…
$ def_first_down_total [3m[38;5;246m<dbl>[39m[23m 20[38;5;246m, [39m8[38;5;246m, [39m26[38;5;246m, [39m12[38;5;246m, [39m17[38;5;246m, [39m12[38;5;246m, [39m22[38;5;246m, [39m16[38;5;246m, [39m20[38;5;246m, [39m12[38;5;246m, [39m15[38;5;246m, [39m13[38;5;246m,[39m…
$ def_penalties        [3m[38;5;246m<dbl>[39m[23m 14[38;5;246m, [39m5[38;5;246m, [39m9[38;5;246m, [39m7[38;5;246m, [39m7[38;5;246m, [39m9[38;5;246m, [39m4[38;5;246m, [39m5[38;5;246m, [39m8[38;5;246m, [39m8[38;5;246m, [39m6[38;5;246m, [39m13[38;5;246m, [39m3[38;5;246m, [39m10[38;5;246m, [39m5…
$ def_penalty_yds      [3m[38;5;246m<dbl>[39m[23m 125[38;5;246m, [39m45[38;5;246m, [39m79[38;5;246m, [39m75[38;5;246m, [39m40[38;5;246m, [39m70[38;5;246m, [39m28[38;5;246m, [39m60[38;5;246m, [39m46[38;5;246m, [39m56[38;5;246m, [39m55[38;5;246m, [39m9…
$ def_fumbles          [3m[38;5;246m<dbl>[39m[23m 1[38;5;246m, [39m0[38;5;246m, [39m1[38;5;246m, [39m1[38;5;246m, [39m1[38;5;246m, [39m1[38;5;246m, [39m0[38;5;246m, [39m1[38;5;246m, [39m0[38;5;246m, [39m1[38;5;246m, [39m0[38;5;246m, [39m0[38;5;246m, [39m0[38;5;246m, [39m1[38;5;246m, [39m1[38;5;246m, [39m0…
$ def_interceptions    [3m[38;5;246m<dbl>[39m[23m 0[38;5;246m, [39m1[38;5;246m, [39m3[38;5;246m, [39m3[38;5;246m, [39m2[38;5;246m, [39m3[38;5;246m, [39m0[38;5;246m, [39m0[38;5;246m, [39m0[38;5;246m, [39m2[38;5;246m, [39m1[38;5;246m, [39m0[38;5;246m, [39m1[38;5;246m, [39m0[38;5;246m, [39m1[38;5;246m, [39m1…
$ def_total_turnovers  [3m[38;5;246m<dbl>[39m[23m 1[38;5;246m, [39m1[38;5;246m, [39m4[38;5;246m, [39m4[38;5;246m, [39m3[38;5;246m, [39m4[38;5;246m, [39m0[38;5;246m, [39m1[38;5;246m, [39m0[38;5;246m, [39m3[38;5;246m, [39m1[38;5;246m, [39m0[38;5;246m, [39m1[38;5;246m, [39m1[38;5;246m, [39m2[38;5;246m, [39m1…
$ team                 [3m[38;5;246m<chr>[39m[23m ""Florida""[38;5;246m, [39m""Florida""[38;5;246m, [39m""Florida""[38;5;246m, [39m""Florida""[38;5;246m, [39m""F…
$ conference           [3m[38;5;246m<chr>[39m[23m ""Southeastern Conference""[38;5;246m, [39m""Southeastern Confe…
$ season               [3m[38;5;246m<dbl>[39m[23m 2019[38;5;246m, [39m2019[38;5;246m, [39m2019[38;5;246m, [39m2019[38;5;246m, [39m2019[38;5;246m, [39m2019[38;5;246m, [39m2019[38;5;246m, [39m2019…
$ rk                   [3m[38;5;246m<dbl>[39m[23m [31mNA[39m[38;5;246m, [39m[31mNA[39m[38;5;246m, [39m[31mNA[39m[38;5;246m, [39m[31mNA[39m[38;5;246m, [39m[31mNA[39m[38;5;246m, [39m[31mNA[39m[38;5;246m, [39m[31mNA[39m[38;5;246m, [39m[31mNA[39m[38;5;246m, [39m[31mNA[39m[38;5;246m, [39m[31mNA[39m[38;5;246m, [39m[31mNA[39m[38;5;246m, [39m[31mNA[39m…
$ gtm                  [3m[38;5;246m<dbl>[39m[23m [31mNA[39m[38;5;246m, [39m[31mNA[39m[38;5;246m, [39m[31mNA[39m[38;5;246m, [39m[31mNA[39m[38;5;246m, [39m[31mNA[39m[38;5;246m, [39m[31mNA[39m[38;5;246m, [39m[31mNA[39m[38;5;246m, [39m[31mNA[39m[38;5;246m, [39m[31mNA[39m[38;5;246m, [39m[31mNA[39m[38;5;246m, [39m[31mNA[39m[38;5;246m, [39m[31mNA[39m…
$ location             [3m[38;5;246m<chr>[39m[23m [31mNA[39m[38;5;246m, [39m[31mNA[39m[38;5;246m, [39m[31mNA[39m[38;5;246m, [39m[31mNA[39m[38;5;246m, [39m[31mNA[39m[38;5;246m, [39m[31mNA[39m[38;5;246m, [39m[31mNA[39m[38;5;246m, [39m[31mNA[39m[38;5;246m, [39m[31mNA[39m[38;5;246m, [39m[31mNA[39m[38;5;246m, [39m[31mNA[39m[38;5;246m, [39m[31mNA[39m…
$ points               [3m[38;5;246m<dbl>[39m[23m [31mNA[39m[38;5;246m, [39m[31mNA[39m[38;5;246m, [39m[31mNA[39m[38;5;246m, [39m[31mNA[39m[38;5;246m, [39m[31mNA[39m[38;5;246m, [39m[31mNA[39m[38;5;246m, [39m[31mNA[39m[38;5;246m, [39m[31mNA[39m[38;5;246m, [39m[31mNA[39m[38;5;246m, [39m[31mNA[39m[38;5;246m, [39m[31mNA[39m[38;5;246m, [39m[31mNA[39m…
$ points_opp           [3m[38;5;246m<dbl>[39m[23m [31mNA[39m[38;5;246m, [39m[31mNA[39m[38;5;246m, [39m[31mNA[39m[38;5;246m, [39m[31mNA[39m[38;5;246m, [39m[31mNA[39m[38;5;246m, [39m[31mNA[39m[38;5;246m, [39m[31mNA[39m[38;5;246m, [39m[31mNA[39m[38;5;246m, [39m[31mNA[39m[38;5;246m, [39m[31mNA[39m[38;5;246m, [39m[31mNA[39m[38;5;246m, [39m[31mNA[39m…
$ ot                   [3m[38;5;246m<chr>[39m[23m [31mNA[39m[38;5;246m, [39m[31mNA[39m[38;5;246m, [39m[31mNA[39m[38;5;246m, [39m[31mNA[39m[38;5;246m, [39m[31mNA[39m[38;5;246m, [39m[31mNA[39m[38;5;246m, [39m[31mNA[39m[38;5;246m, [39m[31mNA[39m[38;5;246m, [39m[31mNA[39m[38;5;246m, [39m[31mNA[39m[38;5;246m, [39m[31mNA[39m[38;5;246m, [39m[31mNA[39m…
$ pass_cmp             [3m[38;5;246m<dbl>[39m[23m [31mNA[39m[38;5;246m, [39m[31mNA[39m[38;5;246m, [39m[31mNA[39m[38;5;246m, [39m[31mNA[39m[38;5;246m, [39m[31mNA[39m[38;5;246m, [39m[31mNA[39m[38;5;246m, [39m[31mNA[39m[38;5;246m, [39m[31mNA[39m[38;5;246m, [39m[31mNA[39m[38;5;246m, [39m[31mNA[39m[38;5;246m, [39m[31mNA[39m[38;5;246m, [39m[31mNA[39m…
$ pass_att             [3m[38;5;246m<dbl>[39m[23m [31mNA[39m[38;5;246m, [39m[31mNA[39m[38;5;246m, [39m[31mNA[39m[38;5;246m, [39m[31mNA[39m[38;5;246m, [39m[31mNA[39m[38;5;246m, [39m[31mNA[39m[38;5;246m, [39m[31mNA[39m[38;5;246m, [39m[31mNA[39m[38;5;246m, [39m[31mNA[39m[38;5;246m, [39m[31mNA[39m[38;5;246m, [39m[31mNA[39m[38;5;246m, [39m[31mNA[39m…
$ pass_pct             [3m[38;5;246m<dbl>[39m[23m [31mNA[39m[38;5;246m, [39m[31mNA[39m[38;5;246m, [39m[31mNA[39m[38;5;246m, [39m[31mNA[39m[38;5;246m, [39m[31mNA[39m[38;5;246m, [39m[31mNA[39m[38;5;246m, [39m[31mNA[39m[38;5;246m, [39m[31mNA[39m[38;5;246m, [39m[31mNA[39m[38;5;246m, [39m[31mNA[39m[38;5;246m, [39m[31mNA[39m[38;5;246m, [39m[31mNA[39m…
$ pass_yds             [3m[38;5;246m<dbl>[39m[23m [31mNA[39m[38;5;246m, [39m[31mNA[39m[38;5;246m, [39m[31mNA[39m[38;5;246m, [39m[31mNA[39m[38;5;246m, [39m[31mNA[39m[38;5;246m, [39m[31mNA[39m[38;5;246m, [39m[31mNA[39m[38;5;246m, [39m[31mNA[39m[38;5;246m, [39m[31mNA[39m[38;5;246m, [39m[31mNA[39m[38;5;246m, [39m[31mNA[39m[38;5;246m, [39m[31mNA[39m…
$ pass_td              [3m[38;5;246m<dbl>[39m[23m [31mNA[39m[38;5;246m, [39m[31mNA[39m[38;5;246m, [39m[31mNA[39m[38;5;246m, [39m[31mNA[39m[38;5;246m, [39m[31mNA[39m[38;5;246m, [39m[31mNA[39m[38;5;246m, [39m[31mNA[39m[38;5;246m, [39m[31mNA[39m[38;5;246m, [39m[31mNA[39m[38;5;246m, [39m[31mNA[39m[38;5;246m, [39m[31mNA[39m[38;5;246m, [39m[31mNA[39m…
$ pass_ya              [3m[38;5;246m<dbl>[39m[23m [31mNA[39m[38;5;246m, [39m[31mNA[39m[38;5;246m, [39m[31mNA[39m[38;5;246m, [39m[31mNA[39m[38;5;246m, [39m[31mNA[39m[38;5;246m, [39m[31mNA[39m[38;5;246m, [39m[31mNA[39m[38;5;246m, [39m[31mNA[39m[38;5;246m, [39m[31mNA[39m[38;5;246m, [39m[31mNA[39m[38;5;246m, [39m[31mNA[39m[38;5;246m, [39m[31mNA[39m…
$ pass_aya             [3m[38;5;246m<dbl>[39m[23m [31mNA[39m[38;5;246m, [39m[31mNA[39m[38;5;246m, [39m[31mNA[39m[38;5;246m, [39m[31mNA[39m[38;5;246m, [39m[31mNA[39m[38;5;246m, [39m[31mNA[39m[38;5;246m, [39m[31mNA[39m[38;5;246m, [39m[31mNA[39m[38;5;246m, [39m[31mNA[39m[38;5;246m, [39m[31mNA[39m[38;5;246m, [39m[31mNA[39m[38;5;246m, [39m[31mNA[39m…
$ pass_rate            [3m[38;5;246m<dbl>[39m[23m [31mNA[39m[38;5;246m, [39m[31mNA[39m[38;5;246m, [39m[31mNA[39m[38;5;246m, [39m[31mNA[39m[38;5;246m, [39m[31mNA[39m[38;5;246m, [39m[31mNA[39m[38;5;246m, [39m[31mNA[39m[38;5;246m, [39m[31mNA[39m[38;5;246m, [39m[31mNA[39m[38;5;246m, [39m[31mNA[39m[38;5;246m, [39m[31mNA[39m[38;5;246m, [39m[31mNA[39m…
$ rush_att             [3m[38;5;246m<dbl>[39m[23m [31mNA[39m[38;5;246m, [39m[31mNA[39m[38;5;246m, [39m[31mNA[39m[38;5;246m, [39m[31mNA[39m[38;5;246m, [39m[31mNA[39m[38;5;246m, [39m[31mNA[39m[38;5;246m, [39m[31mNA[39m[38;5;246m, [39m[31mNA[39m[38;5;246m, [39m[31mNA[39m[38;5;246m, [39m[31mNA[39m[38;5;246m, [39m[31mNA[39m[38;5;246m, [39m[31mNA[39m…
$ rush_yds             [3m[38;5;246m<dbl>[39m[23m [31mNA[39m[38;5;246m, [39m[31mNA[39m[38;5;246m, [39m[31mNA[39m[38;5;246m, [39m[31mNA[39m[38;5;246m, [39m[31mNA[39m[38;5;246m, [39m[31mNA[39m[38;5;246m, [39m[31mNA[39m[38;5;246m, [39m[31mNA[39m[38;5;246m, [39m[31mNA[39m[38;5;246m, [39m[31mNA[39m[38;5;246m, [39m[31mNA[39m[38;5;246m, [39m[31mNA[39m…
$ rush_ya              [3m[38;5;246m<dbl>[39m[23m [31mNA[39m[38;5;246m, [39m[31mNA[39m[38;5;246m, [39m[31mNA[39m[38;5;246m, [39m[31mNA[39m[38;5;246m, [39m[31mNA[39m[38;5;246m, [39m[31mNA[39m[38;5;246m, [39m[31mNA[39m[38;5;246m, [39m[31mNA[39m[38;5;246m, [39m[31mNA[39m[38;5;246m, [39m[31mNA[39m[38;5;246m, [39m[31mNA[39m[38;5;246m, [39m[31mNA[39m…
$ rush_td              [3m[38;5;246m<dbl>[39m[23m [31mNA[39m[38;5;246m, [39m[31mNA[39m[38;5;246m, [39m[31mNA[39m[38;5;246m, [39m[31mNA[39m[38;5;246m, [39m[31mNA[39m[38;5;246m, [39m[31mNA[39m[38;5;246m, [39m[31mNA[39m[38;5;246m, [39m[31mNA[39m[38;5;246m, [39m[31mNA[39m[38;5;246m, [39m[31mNA[39m[38;5;246m, [39m[31mNA[39m[38;5;246m, [39m[31mNA[39m…
$ total_plays          [3m[38;5;246m<dbl>[39m[23m [31mNA[39m[38;5;246m, [39m[31mNA[39m[38;5;246m, [39m[31mNA[39m[38;5;246m, [39m[31mNA[39m[38;5;246m, [39m[31mNA[39m[38;5;246m, [39m[31mNA[39m[38;5;246m, [39m[31mNA[39m[38;5;246m, [39m[31mNA[39m[38;5;246m, [39m[31mNA[39m[38;5;246m, [39m[31mNA[39m[38;5;246m, [39m[31mNA[39m[38;5;246m, [39m[31mNA[39m…
$ total_yds            [3m[38;5;246m<dbl>[39m[23m [31mNA[39m[38;5;246m, [39m[31mNA[39m[38;5;246m, [39m[31mNA[39m[38;5;246m, [39m[31mNA[39m[38;5;246m, [39m[31mNA[39m[38;5;246m, [39m[31mNA[39m[38;5;246m, [39m[31mNA[39m[38;5;246m, [39m[31mNA[39m[38;5;246m, [39m[31mNA[39m[38;5;246m, [39m[31mNA[39m[38;5;246m, [39m[31mNA[39m[38;5;246m, [39m[31mNA[39m…
$ total_avg            [3m[38;5;246m<dbl>[39m[23m [31mNA[39m[38;5;246m, [39m[31mNA[39m[38;5;246m, [39m[31mNA[39m[38;5;246m, [39m[31mNA[39m[38;5;246m, [39m[31mNA[39m[38;5;246m, [39m[31mNA[39m[38;5;246m, [39m[31mNA[39m[38;5;246m, [39m[31mNA[39m[38;5;246m, [39m[31mNA[39m[38;5;246m, [39m[31mNA[39m[38;5;246m, [39m[31mNA[39m[38;5;246m, [39m[31mNA[39m…
$ fga                  [3m[38;5;246m<dbl>[39m[23m [31mNA[39m[38;5;246m, [39m[31mNA[39m[38;5;246m, [39m[31mNA[39m[38;5;246m, [39m[31mNA[39m[38;5;246m, [39m[31mNA[39m[38;5;246m, [39m[31mNA[39m[38;5;246m, [39m[31mNA[39m[38;5;246m, [39m[31mNA[39m[38;5;246m, [39m[31mNA[39m[38;5;246m, [39m[31mNA[39m[38;5;246m, [39m[31mNA[39m[38;5;246m, [39m[31mNA[39m…
$ fgm                  [3m[38;5;246m<dbl>[39m[23m [31mNA[39m[38;5;246m, [39m[31mNA[39m[38;5;246m, [39m[31mNA[39m[38;5;246m, [39m[31mNA[39m[38;5;246m, [39m[31mNA[39m[38;5;246m, [39m[31mNA[39m[38;5;246m, [39m[31mNA[39m[38;5;246m, [39m[31mNA[39m[38;5;246m, [39m[31mNA[39m[38;5;246m, [39m[31mNA[39m[38;5;246m, [39m[31mNA[39m[38;5;246m, [39m[31mNA[39m…
$ xpa                  [3m[38;5;246m<dbl>[39m[23m [31mNA[39m[38;5;246m, [39m[31mNA[39m[38;5;246m, [39m[31mNA[39m[38;5;246m, [39m[31mNA[39m[38;5;246m, [39m[31mNA[39m[38;5;246m, [39m[31mNA[39m[38;5;246m, [39m[31mNA[39m[38;5;246m, [39m[31mNA[39m[38;5;246m, [39m[31mNA[39m[38;5;246m, [39m[31mNA[39m[38;5;246m, [39m[31mNA[39m[38;5;246m, [39m[31mNA[39m…
$ xpm                  [3m[38;5;246m<dbl>[39m[23m [31mNA[39m[38;5;246m, [39m[31mNA[39m[38;5;246m, [39m[31mNA[39m[38;5;246m, [39m[31mNA[39m[38;5;246m, [39m[31mNA[39m[38;5;246m, [39m[31mNA[39m[38;5;246m, [39m[31mNA[39m[38;5;246m, [39m[31mNA[39m[38;5;246m, [39m[31mNA[39m[38;5;246m, [39m[31mNA[39m[38;5;246m, [39m[31mNA[39m[38;5;246m, [39m[31mNA[39m…
$ punt                 [3m[38;5;246m<dbl>[39m[23m [31mNA[39m[38;5;246m, [39m[31mNA[39m[38;5;246m, [39m[31mNA[39m[38;5;246m, [39m[31mNA[39m[38;5;246m, [39m[31mNA[39m[38;5;246m, [39m[31mNA[39m[38;5;246m, [39m[31mNA[39m[38;5;246m, [39m[31mNA[39m[38;5;246m, [39m[31mNA[39m[38;5;246m, [39m[31mNA[39m[38;5;246m, [39m[31mNA[39m[38;5;246m, [39m[31mNA[39m…
$ punt_yds             [3m[38;5;246m<dbl>[39m[23m [31mNA[39m[38;5;246m, [39m[31mNA[39m[38;5;246m, [39m[31mNA[39m[38;5;246m, [39m[31mNA[39m[38;5;246m, [39m[31mNA[39m[38;5;246m, [39m[31mNA[39m[38;5;246m, [39m[31mNA[39m[38;5;246m, [39m[31mNA[39m[38;5;246m, [39m[31mNA[39m[38;5;246m, [39m[31mNA[39m[38;5;246m, [39m[31mNA[39m[38;5;246m, [39m[31mNA[39m…
$ first_down           [3m[38;5;246m<dbl>[39m[23m [31mNA[39m[38;5;246m, [39m[31mNA[39m[38;5;246m, [39m[31mNA[39m[38;5;246m, [39m[31mNA[39m[38;5;246m, [39m[31mNA[39m[38;5;246m, [39m[31mNA[39m[38;5;246m, [39m[31mNA[39m[38;5;246m, [39m[31mNA[39m[38;5;246m, [39m[31mNA[39m[38;5;246m, [39m[31mNA[39m[38;5;246m, [39m[31mNA[39m[38;5;246m, [39m[31mNA[39m…
$ fumbles_lost         [3m[38;5;246m<dbl>[39m[23m [31mNA[39m[38;5;246m, [39m[31mNA[39m[38;5;246m, [39m[31mNA[39m[38;5;246m, [39m[31mNA[39m[38;5;246m, [39m[31mNA[39m[38;5;246m, [39m[31mNA[39m[38;5;246m, [39m[31mNA[39m[38;5;246m, [39m[31mNA[39m[38;5;246m, [39m[31mNA[39m[38;5;246m, [39m[31mNA[39m[38;5;246m, [39m[31mNA[39m[38;5;246m, [39m[31mNA[39m…
$ turnovers            [3m[38;5;246m<dbl>[39m[23m [31mNA[39m[38;5;246m, [39m[31mNA[39m[38;5;246m, [39m[31mNA[39m[38;5;246m, [39m[31mNA[39m[38;5;246m, [39m[31mNA[39m[38;5;246m, [39m[31mNA[39m[38;5;246m, [39m[31mNA[39m[38;5;246m, [39m[31mNA[39m[38;5;246m, [39m[31mNA[39m[38;5;246m, [39m[31mNA[39m[38;5;246m, [39m[31mNA[39m[38;5;246m, [39m[31mNA[39m…
$ bowl_x               [3m[38;5;246m<chr>[39m[23m [31mNA[39m[38;5;246m, [39m[31mNA[39m[38;5;246m, [39m[31mNA[39m[38;5;246m, [39m[31mNA[39m[38;5;246m, [39m[31mNA[39m[38;5;246m, [39m[31mNA[39m[38;5;246m, [39m[31mNA[39m[38;5;246m, [39m[31mNA[39m[38;5;246m, [39m[31mNA[39m[38;5;246m, [39m[31mNA[39m[38;5;246m, [39m[31mNA[39m[38;5;246m, [39m[31mNA[39m…
$ score                [3m[38;5;246m<lgl>[39m[23m [31mNA[39m[38;5;246m, [39m[31mNA[39m[38;5;246m, [39m[31mNA[39m[38;5;246m, [39m[31mNA[39m[38;5;246m, [39m[31mNA[39m[38;5;246m, [39m[31mNA[39m[38;5;246m, [39m[31mNA[39m[38;5;246m, [39m[31mNA[39m[38;5;246m, [39m[31mNA[39m[38;5;246m, [39m[31mNA[39m[38;5;246m, [39m[31mNA[39m[38;5;246m, [39m[31mNA[39m…
$ def_pass_cmp         [3m[38;5;246m<dbl>[39m[23m [31mNA[39m[38;5;246m, [39m[31mNA[39m[38;5;246m, [39m[31mNA[39m[38;5;246m, [39m[31mNA[39m[38;5;246m, [39m[31mNA[39m[38;5;246m, [39m[31mNA[39m[38;5;246m, [39m[31mNA[39m[38;5;246m, [39m[31mNA[39m[38;5;246m, [39m[31mNA[39m[38;5;246m, [39m[31mNA[39m[38;5;246m, [39m[31mNA[39m[38;5;246m, [39m[31mNA[39m…
$ def_pass_att         [3m[38;5;246m<dbl>[39m[23m [31mNA[39m[38;5;246m, [39m[31mNA[39m[38;5;246m, [39m[31mNA[39m[38;5;246m, [39m[31mNA[39m[38;5;246m, [39m[31mNA[39m[38;5;246m, [39m[31mNA[39m[38;5;246m, [39m[31mNA[39m[38;5;246m, [39m[31mNA[39m[38;5;246m, [39m[31mNA[39m[38;5;246m, [39m[31mNA[39m[38;5;246m, [39m[31mNA[39m[38;5;246m, [39m[31mNA[39m…
$ def_pass_pct         [3m[38;5;246m<dbl>[39m[23m [31mNA[39m[38;5;246m, [39m[31mNA[39m[38;5;246m, [39m[31mNA[39m[38;5;246m, [39m[31mNA[39m[38;5;246m, [39m[31mNA[39m[38;5;246m, [39m[31mNA[39m[38;5;246m, [39m[31mNA[39m[38;5;246m, [39m[31mNA[39m[38;5;246m, [39m[31mNA[39m[38;5;246m, [39m[31mNA[39m[38;5;246m, [39m[31mNA[39m[38;5;246m, [39m[31mNA[39m…
$ def_pass_yds         [3m[38;5;246m<dbl>[39m[23m [31mNA[39m[38;5;246m, [39m[31mNA[39m[38;5;246m, [39m[31mNA[39m[38;5;246m, [39m[31mNA[39m[38;5;246m, [39m[31mNA[39m[38;5;246m, [39m[31mNA[39m[38;5;246m, [39m[31mNA[39m[38;5;246m, [39m[31mNA[39m[38;5;246m, [39m[31mNA[39m[38;5;246m, [39m[31mNA[39m[38;5;246m, [39m[31mNA[39m[38;5;246m, [39m[31mNA[39m…
$ def_pass_td          [3m[38;5;246m<dbl>[39m[23m [31mNA[39m[38;5;246m, [39m[31mNA[39m[38;5;246m, [39m[31mNA[39m[38;5;246m, [39m[31mNA[39m[38;5;246m, [39m[31mNA[39m[38;5;246m, [39m[31mNA[39m[38;5;246m, [39m[31mNA[39m[38;5;246m, [39m[31mNA[39m[38;5;246m, [39m[31mNA[39m[38;5;246m, [39m[31mNA[39m[38;5;246m, [39m[31mNA[39m[38;5;246m, [39m[31mNA[39m…
$ def_pass_ya          [3m[38;5;246m<dbl>[39m[23m [31mNA[39m[38;5;246m, [39m[31mNA[39m[38;5;246m, [39m[31mNA[39m[38;5;246m, [39m[31mNA[39m[38;5;246m, [39m[31mNA[39m[38;5;246m, [39m[31mNA[39m[38;5;246m, [39m[31mNA[39m[38;5;246m, [39m[31mNA[39m[38;5;246m, [39m[31mNA[39m[38;5;246m, [39m[31mNA[39m[38;5;246m, [39m[31mNA[39m[38;5;246m, [39m[31mNA[39m…
$ def_pass_aya         [3m[38;5;246m<dbl>[39m[23m [31mNA[39m[38;5;246m, [39m[31mNA[39m[38;5;246m, [39m[31mNA[39m[38;5;246m, [39m[31mNA[39m[38;5;246m, [39m[31mNA[39m[38;5;246m, [39m[31mNA[39m[38;5;246m, [39m[31mNA[39m[38;5;246m, [39m[31mNA[39m[38;5;246m, [39m[31mNA[39m[38;5;246m, [39m[31mNA[39m[38;5;246m, [39m[31mNA[39m[38;5;246m, [39m[31mNA[39m…
$ def_pass_rate        [3m[38;5;246m<dbl>[39m[23m [31mNA[39m[38;5;246m, [39m[31mNA[39m[38;5;246m, [39m[31mNA[39m[38;5;246m, [39m[31mNA[39m[38;5;246m, [39m[31mNA[39m[38;5;246m, [39m[31mNA[39m[38;5;246m, [39m[31mNA[39m[38;5;246m, [39m[31mNA[39m[38;5;246m, [39m[31mNA[39m[38;5;246m, [39m[31mNA[39m[38;5;246m, [39m[31mNA[39m[38;5;246m, [39m[31mNA[39m…
$ def_rush_att         [3m[38;5;246m<dbl>[39m[23m [31mNA[39m[38;5;246m, [39m[31mNA[39m[38;5;246m, [39m[31mNA[39m[38;5;246m, [39m[31mNA[39m[38;5;246m, [39m[31mNA[39m[38;5;246m, [39m[31mNA[39m[38;5;246m, [39m[31mNA[39m[38;5;246m, [39m[31mNA[39m[38;5;246m, [39m[31mNA[39m[38;5;246m, [39m[31mNA[39m[38;5;246m, [39m[31mNA[39m[38;5;246m, [39m[31mNA[39m…
$ def_rush_yds         [3m[38;5;246m<dbl>[39m[23m [31mNA[39m[38;5;246m, [39m[31mNA[39m[38;5;246m, [39m[31mNA[39m[38;5;246m, [39m[31mNA[39m[38;5;246m, [39m[31mNA[39m[38;5;246m, [39m[31mNA[39m[38;5;246m, [39m[31mNA[39m[38;5;246m, [39m[31mNA[39m[38;5;246m, [39m[31mNA[39m[38;5;246m, [39m[31mNA[39m[38;5;246m, [39m[31mNA[39m[38;5;246m, [39m[31mNA[39m…
$ def_rush_ya          [3m[38;5;246m<dbl>[39m[23m [31mNA[39m[38;5;246m, [39m[31mNA[39m[38;5;246m, [39m[31mNA[39m[38;5;246m, [39m[31mNA[39m[38;5;246m, [39m[31mNA[39m[38;5;246m, [39m[31mNA[39m[38;5;246m, [39m[31mNA[39m[38;5;246m, [39m[31mNA[39m[38;5;246m, [39m[31mNA[39m[38;5;246m, [39m[31mNA[39m[38;5;246m, [39m[31mNA[39m[38;5;246m, [39m[31mNA[39m…
$ def_rush_td          [3m[38;5;246m<dbl>[39m[23m [31mNA[39m[38;5;246m, [39m[31mNA[39m[38;5;246m, [39m[31mNA[39m[38;5;246m, [39m[31mNA[39m[38;5;246m, [39m[31mNA[39m[38;5;246m, [39m[31mNA[39m[38;5;246m, [39m[31mNA[39m[38;5;246m, [39m[31mNA[39m[38;5;246m, [39m[31mNA[39m[38;5;246m, [39m[31mNA[39m[38;5;246m, [39m[31mNA[39m[38;5;246m, [39m[31mNA[39m…
$ def_total_plays      [3m[38;5;246m<dbl>[39m[23m [31mNA[39m[38;5;246m, [39m[31mNA[39m[38;5;246m, [39m[31mNA[39m[38;5;246m, [39m[31mNA[39m[38;5;246m, [39m[31mNA[39m[38;5;246m, [39m[31mNA[39m[38;5;246m, [39m[31mNA[39m[38;5;246m, [39m[31mNA[39m[38;5;246m, [39m[31mNA[39m[38;5;246m, [39m[31mNA[39m[38;5;246m, [39m[31mNA[39m[38;5;246m, [39m[31mNA[39m…
$ def_total_yds        [3m[38;5;246m<dbl>[39m[23m [31mNA[39m[38;5;246m, [39m[31mNA[39m[38;5;246m, [39m[31mNA[39m[38;5;246m, [39m[31mNA[39m[38;5;246m, [39m[31mNA[39m[38;5;246m, [39m[31mNA[39m[38;5;246m, [39m[31mNA[39m[38;5;246m, [39m[31mNA[39m[38;5;246m, [39m[31mNA[39m[38;5;246m, [39m[31mNA[39m[38;5;246m, [39m[31mNA[39m[38;5;246m, [39m[31mNA[39m…
$ def_total_avg        [3m[38;5;246m<dbl>[39m[23m [31mNA[39m[38;5;246m, [39m[31mNA[39m[38;5;246m, [39m[31mNA[39m[38;5;246m, [39m[31mNA[39m[38;5;246m, [39m[31mNA[39m[38;5;246m, [39m[31mNA[39m[38;5;246m, [39m[31mNA[39m[38;5;246m, [39m[31mNA[39m[38;5;246m, [39m[31mNA[39m[38;5;246m, [39m[31mNA[39m[38;5;246m, [39m[31mNA[39m[38;5;246m, [39m[31mNA[39m…
$ def_fga              [3m[38;5;246m<dbl>[39m[23m [31mNA[39m[38;5;246m, [39m[31mNA[39m[38;5;246m, [39m[31mNA[39m[38;5;246m, [39m[31mNA[39m[38;5;246m, [39m[31mNA[39m[38;5;246m, [39m[31mNA[39m[38;5;246m, [39m[31mNA[39m[38;5;246m, [39m[31mNA[39m[38;5;246m, [39m[31mNA[39m[38;5;246m, [39m[31mNA[39m[38;5;246m, [39m[31mNA[39m[38;5;246m, [39m[31mNA[39m…
$ def_fgm              [3m[38;5;246m<dbl>[39m[23m [31mNA[39m[38;5;246m, [39m[31mNA[39m[38;5;246m, [39m[31mNA[39m[38;5;246m, [39m[31mNA[39m[38;5;246m, [39m[31mNA[39m[38;5;246m, [39m[31mNA[39m[38;5;246m, [39m[31mNA[39m[38;5;246m, [39m[31mNA[39m[38;5;246m, [39m[31mNA[39m[38;5;246m, [39m[31mNA[39m[38;5;246m, [39m[31mNA[39m[38;5;246m, [39m[31mNA[39m…
$ def_xpa              [3m[38;5;246m<dbl>[39m[23m [31mNA[39m[38;5;246m, [39m[31mNA[39m[38;5;246m, [39m[31mNA[39m[38;5;246m, [39m[31mNA[39m[38;5;246m, [39m[31mNA[39m[38;5;246m, [39m[31mNA[39m[38;5;246m, [39m[31mNA[39m[38;5;246m, [39m[31mNA[39m[38;5;246m, [39m[31mNA[39m[38;5;246m, [39m[31mNA[39m[38;5;246m, [39m[31mNA[39m[38;5;246m, [39m[31mNA[39m…
$ def_xpm              [3m[38;5;246m<dbl>[39m[23m [31mNA[39m[38;5;246m, [39m[31mNA[39m[38;5;246m, [39m[31mNA[39m[38;5;246m, [39m[31mNA[39m[38;5;246m, [39m[31mNA[39m[38;5;246m, [39m[31mNA[39m[38;5;246m, [39m[31mNA[39m[38;5;246m, [39m[31mNA[39m[38;5;246m, [39m[31mNA[39m[38;5;246m, [39m[31mNA[39m[38;5;246m, [39m[31mNA[39m[38;5;246m, [39m[31mNA[39m…
$ def_punt             [3m[38;5;246m<dbl>[39m[23m [31mNA[39m[38;5;246m, [39m[31mNA[39m[38;5;246m, [39m[31mNA[39m[38;5;246m, [39m[31mNA[39m[38;5;246m, [39m[31mNA[39m[38;5;246m, [39m[31mNA[39m[38;5;246m, [39m[31mNA[39m[38;5;246m, [39m[31mNA[39m[38;5;246m, [39m[31mNA[39m[38;5;246m, [39m[31mNA[39m[38;5;246m, [39m[31mNA[39m[38;5;246m, [39m[31mNA[39m…
$ def_punt_yds         [3m[38;5;246m<dbl>[39m[23m [31mNA[39m[38;5;246m, [39m[31mNA[39m[38;5;246m, [39m[31mNA[39m[38;5;246m, [39m[31mNA[39m[38;5;246m, [39m[31mNA[39m[38;5;246m, [39m[31mNA[39m[38;5;246m, [39m[31mNA[39m[38;5;246m, [39m[31mNA[39m[38;5;246m, [39m[31mNA[39m[38;5;246m, [39m[31mNA[39m[38;5;246m, [39m[31mNA[39m[38;5;246m, [39m[31mNA[39m…
$ def_first_down       [3m[38;5;246m<dbl>[39m[23m [31mNA[39m[38;5;246m, [39m[31mNA[39m[38;5;246m, [39m[31mNA[39m[38;5;246m, [39m[31mNA[39m[38;5;246m, [39m[31mNA[39m[38;5;246m, [39m[31mNA[39m[38;5;246m, [39m[31mNA[39m[38;5;246m, [39m[31mNA[39m[38;5;246m, [39m[31mNA[39m[38;5;246m, [39m[31mNA[39m[38;5;246m, [39m[31mNA[39m[38;5;246m, [39m[31mNA[39m…
$ def_fumbles_lost     [3m[38;5;246m<dbl>[39m[23m [31mNA[39m[38;5;246m, [39m[31mNA[39m[38;5;246m, [39m[31mNA[39m[38;5;246m, [39m[31mNA[39m[38;5;246m, [39m[31mNA[39m[38;5;246m, [39m[31mNA[39m[38;5;246m, [39m[31mNA[39m[38;5;246m, [39m[31mNA[39m[38;5;246m, [39m[31mNA[39m[38;5;246m, [39m[31mNA[39m[38;5;246m, [39m[31mNA[39m[38;5;246m, [39m[31mNA[39m…
$ def_turnovers        [3m[38;5;246m<dbl>[39m[23m [31mNA[39m[38;5;246m, [39m[31mNA[39m[38;5;246m, [39m[31mNA[39m[38;5;246m, [39m[31mNA[39m[38;5;246m, [39m[31mNA[39m[38;5;246m, [39m[31mNA[39m[38;5;246m, [39m[31mNA[39m[38;5;246m, [39m[31mNA[39m[38;5;246m, [39m[31mNA[39m[38;5;246m, [39m[31mNA[39m[38;5;246m, [39m[31mNA[39m[38;5;246m, [39m[31mNA[39m…
$ bowl_y               [3m[38;5;246m<chr>[39m[23m [31mNA[39m[38;5;246m, [39m[31mNA[39m[38;5;246m, [39m[31mNA[39m[38;5;246m, [39m[31mNA[39m[38;5;246m, [39m[31mNA[39m[38;5;246m, [39m[31mNA[39m[38;5;246m, [39m[31mNA[39m[38;5;246m, [39m[31mNA[39m[38;5;246m, [39m[31mNA[39m[38;5;246m, [39m[31mNA[39m[38;5;246m, [39m[31mNA[39m[38;5;246m, [39m[31mNA[39m…"
"1",""
"1","
"
"0","outcome_summary <- all_logs |> "
"0","  group_by(outcome) |> "
"0","  summarise(games = n()) |> "
"0","  mutate(percentage = (games / sum(games)) * 100)"
"0",""
"0","outcome_summary"
